ID,Capacidad Disponible
0,0
1,0
2,0
3,5218
4,0
5,5632
6,8121
7,6821
8,20000
9,11474
10,4343
11,28800
12,0
13,5354
14,13911
15,31000
16,48960
17,0
18,4521
19,0
20,0
21,0
22,27980
23,0
24,3606
25,0
26,0
27,0
28,0
29,3310
30,5644
31,0
32,0
33,0
34,13289
35,5159
36,16582
37,0
38,0
39,0
40,23448
41,29417
42,5257
43,20893
44,0
45,3174
46,0
47,0
48,17330
49,0
50,0
51,13375
52,51301
53,30017
54,6925
55,49578
56,3330
57,9457
58,0
59,3307
60,0
61,0
62,38277
63,0
64,5767
65,2254
66,9878
67,0
68,47184
69,0
70,0
71,10077
72,23754
73,0
74,5298
75,2038
76,35597
77,1152
78,5340
79,0
80,2650
81,0
82,0
83,0
84,0
85,979
86,6570
87,0
88,25869
89,0
90,46167
91,0
92,0
93,33331
94,1274
95,11528
96,20014
97,15996
98,28744
99,15243
100,2717
101,4944
102,0
103,19331
104,0
105,1493
106,27138
107,68282
108,10858
109,60638
110,35376
111,12609
112,14771
113,0
114,0
115,19092
116,8726
117,23327
118,5694
119,0
120,0
121,0
122,30769
123,0
124,17356
125,25281
126,17603
127,6650
128,14291
129,0
130,2671
131,17020
132,6574
133,0
134,298
135,0
136,0
137,0
138,20660
139,29308
140,0
141,44419
142,16965
143,0
144,18290
145,6790
146,0
147,16204
148,4432
149,5409
150,6592
151,0
152,5507
153,0
154,13370
155,4256
156,15958
157,10528
158,2000
159,8453
160,22834
161,3456
162,4981
163,8754
164,21279
165,0
166,0
167,0
168,0
169,5267
170,19905
171,0
172,0
173,0
174,0
175,0
176,0
177,0
178,610
179,0
180,20737
181,0
182,20583
183,18321
184,0
185,0
186,18444
187,15839
188,7581
189,0
190,6078
191,6572
192,22438
193,0
194,0
195,346
196,6459
197,10276
198,0
199,0
200,20384
201,8650
202,7198
203,0
204,0
205,0
206,0
207,9488
208,12084
209,28800
210,6656
