ID,Descripcion clasificacion proveedor,Denominacion Tipo de producto
0,Acompañamiento,PUNTO MODA ESPECIAL
0,Acompañamiento,PUNTO CHAQUETA
1,Potenciales,BLUSA Y VESTID PLANO
2,Potenciales,OVEROL
3,Potenciales,PUNTO CHAQUETA
4,Potenciales,PUNTO POLO Y PERILLA
5,Oportunidad,PUNTO BASICO TRAFICO
6,Oportunidad,PUNTO BLUSA Y VESTID
7,Potenciales,PUNTO BASICO TRAFICO
8,Oportunidad,VESTIDO DE BAÑO
9,Potenciales,PUNTO CHAQUETA
10,Oportunidad,PUNTO CHAQUETA
11,Oportunidad,PUNTO INTERIOR
12,Potenciales,PUNTO CHAQUETA
13,Oportunidad,PUNTO POLO Y PERILLA
14,Oportunidad,INFERIOR DENIM
15,Oportunidad,PUNTO POLO Y PERILLA
16,Oportunidad,PANTY Y TOP
17,Potenciales,PUNTO BASICO
18,Oportunidad,PUNTO INFERIORES
19,Potenciales,PUNTO POLO Y PERILLA
20,Oportunidad,PUNTO POLO Y PERILLA
21,Confianza,PUNTO BASICO
22,Confianza,INFERIOR DENIM
23,Confianza,PUNTO BASICO
5,Oportunidad,PUNTO BASICO
24,Potenciales,PUNTO BLUSA Y VESTID
25,Confianza,BLUSA Y VESTID PLANO
26,Potenciales,PUNTO BASICO
8,Oportunidad,PUNTO INTERIOR
27,Potenciales,PUNTO INTERIOR
28,Potenciales,INFERIOR DENIM
29,Oportunidad,PUNTO BASICO
30,Potenciales,OPERACIONES CASAWA
31,Oportunidad,PUNTO BLUSA Y VESTID
32,Confianza,PUNTO BASICO TRAFICO
33,Potenciales,INFERIOR DENIM
34,Oportunidad,PUNTO BASICO
32,Confianza,PUNTO BASICO
35,Oportunidad,INFERIOR DENIM
36,Oportunidad,BRASIER
36,Oportunidad,PUNTO INTERIOR
24,Potenciales,PUNTO INFERIORES
37,Potenciales,PUNTO BASICO
38,Potenciales,BLUSA Y VESTID PLANO
39,Oportunidad,INFERIOR DENIM
3,Potenciales,PUNTO BLUSA Y VESTID
2,Potenciales,INFERIOR DENIM
40,Potenciales,PUNTO BLUSA Y VESTID
41,Oportunidad,PANTY Y TOP
42,Oportunidad,PUNTO BASICO
43,Oportunidad,PUNTO BLUSA Y VESTID
44,Potenciales,BLUSA Y VESTID PLANO
0,Acompañamiento,INFERIORES PLANO
45,Oportunidad,PUNTO BLUSA Y VESTID
46,Potenciales,BLUSA Y VESTID PLANO
47,Potenciales,PUNTO BLUSA Y VESTID
48,Potenciales,PANTY Y TOP
49,Potenciales,PUNTO BASICO
48,Potenciales,BRASIER
50,Potenciales,PANTY Y TOP
51,Oportunidad,PUNTO BASICO
52,Oportunidad,VESTIDO DE BAÑO
53,Oportunidad,BRASIER
54,Oportunidad,PUNTO BASICO
55,Potenciales,PUNTO INTERIOR
56,Potenciales,PUNTO BASICO
57,Oportunidad,INFERIORES PLANO
58,Oportunidad,BLUSA Y VESTID PLANO
59,Potenciales,PUNTO BASICO
60,Oportunidad,CAMISA PLANO
61,Potenciales,PUNTO BLUSA Y VESTID
62,Potenciales,BRASIER
39,Oportunidad,DENIM TRAFICO
63,Oportunidad,PUNTO BLUSA Y VESTID
13,Oportunidad,PUNTO INFERIORES
64,Oportunidad,PUNTO BASICO
65,Potenciales,PUNTO BASICO
66,Potenciales,PUNTO INTERIOR
67,Oportunidad,PUNTO BLUSA Y VESTID
25,Confianza,PUNTO BLUSA Y VESTID
68,Potenciales,PUNTO BASICO
69,Potenciales,CAMISA PLANO
70,Oportunidad,BLUSA Y VESTID PLANO
71,Potenciales,PUNTO INTERIOR
12,Potenciales,PUNTO BLUSA Y VESTID
72,Confianza,BLUSA Y VESTID PLANO
73,Oportunidad,INFERIOR DENIM
74,Oportunidad,PUNTO INTERIOR
69,Potenciales,CAMISA LIVIANO
75,Potenciales,PUNTO BASICO
76,Oportunidad,PUNTO BASICO
77,Oportunidad,PUNTO BASICO
78,Oportunidad,PUNTO BLUSA Y VESTID
79,Oportunidad,PUNTO POLO Y PERILLA
80,Potenciales,PUNTO INTERIOR
81,Oportunidad,PUNTO BASICO
82,Oportunidad,BLUSA Y VESTID PLANO
83,Oportunidad,INFERIOR DENIM
0,Acompañamiento,PUNTO INFERIORES
84,Potenciales,PUNTO BLUSA Y VESTID
72,Confianza,PUNTO BLUSA Y VESTID
1,Potenciales,INFERIORES PLANO
85,Potenciales,PUNTO BASICO
86,Oportunidad,BLUSA Y VESTID PLANO
58,Oportunidad,INFERIORES PLANO
40,Potenciales,PUNTO INFERIORES
43,Oportunidad,PUNTO MODA ESPECIAL
0,Acompañamiento,BLUSA Y VESTID PLANO
87,Oportunidad,PUNTO BASICO
88,Potenciales,PANTY Y TOP
38,Potenciales,CHAQUETA PLANO
89,Potenciales,PUNTO BLUSA Y VESTID
90,Confianza,PANTY Y TOP
91,Potenciales,PUNTO BLUSA Y VESTID
67,Oportunidad,PUNTO CHAQUETA
92,Potenciales,PUNTO BASICO
93,Potenciales,PUNTO BASICO
94,Oportunidad,BLUSA Y VESTID PLANO
95,Oportunidad,PUNTO BASICO
32,Confianza,PUNTO INTERIOR
96,Oportunidad,PUNTO BASICO
97,Oportunidad,PUNTO BASICO
98,Potenciales,BRASIER
99,Oportunidad,PUNTO BASICO
22,Confianza,CHAQUETA DENIM
100,Oportunidad,INFERIOR DENIM
101,Oportunidad,PUNTO BASICO
102,Oportunidad,PUNTO BASICO
103,Oportunidad,PUNTO BASICO
104,Oportunidad,PUNTO BLUSA Y VESTID
105,Oportunidad,VESTIDO DE BAÑO
106,Oportunidad,BRASIER
88,Potenciales,BRASIER
107,Confianza,PUNTO BASICO
62,Potenciales,PANTY Y TOP
108,Potenciales,PUNTO INTERIOR
109,Oportunidad,BRASIER
110,Potenciales,BRASIER
111,Oportunidad,PUNTO INTERIOR
112,Oportunidad,PUNTO BLUSA Y VESTID
113,Oportunidad,BLUSA Y VESTID PLANO
114,Oportunidad,PUNTO BASICO
115,Potenciales,PUNTO INTERIOR
116,Oportunidad,INFERIORES PLANO
117,Potenciales,PANTY Y TOP
118,Oportunidad,PUNTO BASICO
119,Potenciales,PUNTO BASICO
58,Oportunidad,CHAQUETA PLANO
57,Oportunidad,BLUSA Y VESTID PLANO
120,Oportunidad,PUNTO BLUSA Y VESTID
121,Oportunidad,BLUSA Y VESTID PLANO
7,Potenciales,PUNTO BASICO
122,Potenciales,PUNTO BASICO
123,Oportunidad,PUNTO BASICO
9,Potenciales,PUNTO INFERIORES
0,Acompañamiento,PUNTO BLUSA Y VESTID
25,Confianza,PUNTO BLUSA Y VESTID
124,Potenciales,PUNTO BASICO
125,Oportunidad,PUNTO INTERIOR
90,Confianza,PUNTO INTERIOR
9,Potenciales,PUNTO BLUSA Y VESTID
109,Oportunidad,PANTY Y TOP
25,Confianza,BLUSA Y VESTID PLANO
126,Oportunidad,PUNTO BASICO
127,Potenciales,PUNTO INTERIOR
98,Potenciales,PANTY Y TOP
128,Potenciales,PUNTO BASICO
129,Oportunidad,PUNTO INTERIOR
130,Oportunidad,PUNTO BLUSA Y VESTID
6,Oportunidad,PUNTO INFERIORES
131,Oportunidad,PUNTO BASICO
12,Potenciales,PUNTO INFERIORES
10,Oportunidad,PUNTO INFERIORES
23,Confianza,PUNTO BASICO TRAFICO
132,Oportunidad,PUNTO BLUSA Y VESTID
133,Oportunidad,PUNTO BLUSA Y VESTID
134,Potenciales,PUNTO BASICO
84,Potenciales,PUNTO CHAQUETA
4,Potenciales,PUNTO INFERIORES
61,Potenciales,PUNTO INFERIORES
135,Oportunidad,PUNTO BASICO
136,Oportunidad,BLUSA Y VESTID PLANO
53,Oportunidad,PUNTO INTERIOR
137,Oportunidad,PUNTO BASICO
52,Oportunidad,BRASIER
84,Potenciales,PUNTO MODA ESPECIAL
138,Potenciales,PUNTO INTERIOR
139,Oportunidad,PUNTO BASICO
140,Oportunidad,BLUSA Y VESTID PLANO
141,Potenciales,PUNTO BASICO TRAFICO
142,Potenciales,PUNTO INTERIOR
141,Potenciales,PUNTO BASICO
43,Oportunidad,BOXER
143,Oportunidad,PUNTO BLUSA Y VESTID
144,Oportunidad,PANTY Y TOP
145,Potenciales,PUNTO BLUSA Y VESTID
146,Oportunidad,PUNTO BLUSA Y VESTID
147,Oportunidad,PUNTO BLUSA Y VESTID
148,Oportunidad,PUNTO BLUSA Y VESTID
149,Oportunidad,PUNTO BASICO
150,Oportunidad,PUNTO BASICO
151,Oportunidad,BLUSA Y VESTID PLANO
152,Oportunidad,PUNTO BASICO
21,Confianza,PUNTO BASICO TRAFICO
153,Oportunidad,BRASIER
154,Oportunidad,PUNTO INTERIOR
155,Oportunidad,PUNTO BASICO
110,Potenciales,PANTY Y TOP
84,Potenciales,PUNTO INFERIORES
156,Oportunidad,PUNTO BASICO
25,Confianza,INFERIORES PLANO
157,Potenciales,PUNTO BASICO
146,Oportunidad,BLUSA Y VESTID PLANO
158,Oportunidad,INFERIORES PLANO
159,Potenciales,PUNTO BASICO
160,Oportunidad,PUNTO BLUSA Y VESTID
3,Potenciales,BLUSA Y VESTID PLANO
25,Confianza,PUNTO BLUSA Y VESTID
161,Oportunidad,PUNTO BASICO
38,Potenciales,PUNTO BLUSA Y VESTID
162,Potenciales,PUNTO BASICO
163,Potenciales,PUNTO BLUSA Y VESTID
116,Oportunidad,PUNTO BLUSA Y VESTID
164,Oportunidad,PANTY Y TOP
4,Potenciales,PUNTO BLUSA Y VESTID
165,Oportunidad,BLUSA Y VESTID PLANO
166,Oportunidad,BLUSA Y VESTID PLANO
167,Oportunidad,INFERIOR DENIM
168,Oportunidad,BRASIER
120,Oportunidad,BRASIER
169,Potenciales,PUNTO BASICO
170,Oportunidad,BRASIER
21,Confianza,PUNTO BASICO
171,Oportunidad,BLUSA Y VESTID PLANO
172,Oportunidad,BLUSA Y VESTID PLANO
10,Oportunidad,PUNTO INFERIORES
173,Oportunidad,BLUSA Y VESTID PLANO
174,Oportunidad,PUNTO BASICO
121,Oportunidad,PUNTO INFERIORES
175,Oportunidad,PUNTO BASICO
120,Oportunidad,PUNTO INFERIORES
46,Potenciales,PUNTO BLUSA Y VESTID
176,Oportunidad,PUNTO BASICO
147,Oportunidad,PUNTO INFERIORES
43,Oportunidad,PUNTO INFERIORES
177,Oportunidad,PUNTO BLUSA Y VESTID
178,Oportunidad,PUNTO INTERIOR
179,Oportunidad,PUNTO BASICO
180,Oportunidad,PANTY Y TOP
181,Oportunidad,PUNTO BLUSA Y VESTID
182,Oportunidad,PUNTO POLO Y PERILLA
183,Oportunidad,BRASIER
72,Confianza,BLUSA Y VESTID PLANO
40,Potenciales,PUNTO CHAQUETA
86,Oportunidad,INFERIORES PLANO
184,Oportunidad,PUNTO BLUSA Y VESTID
185,Oportunidad,BLUSA Y VESTID PLANO
186,Oportunidad,PUNTO INTERIOR
187,Potenciales,PUNTO INTERIOR
188,Potenciales,PANTY Y TOP
189,Potenciales,CAMISA PLANO
190,Oportunidad,INFERIOR DENIM
191,Potenciales,PUNTO INTERIOR
76,Oportunidad,PUNTO BASICO TRAFICO
192,Oportunidad,PUNTO INTERIOR
10,Oportunidad,PUNTO BLUSA Y VESTID
10,Oportunidad,PUNTO BLUSA Y VESTID
39,Oportunidad,CHAQUETA DENIM
193,Oportunidad,INFERIOR DENIM
194,Oportunidad,INFERIOR DENIM
195,Potenciales,PUNTO BLUSA Y VESTID
196,Oportunidad,PUNTO BASICO
110,Potenciales,VESTIDO DE BAÑO
197,Oportunidad,PUNTO BASICO
198,Oportunidad,PUNTO BASICO
199,Oportunidad,PUNTO BLUSA Y VESTID
200,Oportunidad,VESTIDO DE BAÑO
201,Oportunidad,PUNTO BASICO
38,Potenciales,INFERIORES PLANO
202,Oportunidad,PUNTO BLUSA Y VESTID
67,Oportunidad,PUNTO INFERIORES
203,Oportunidad,PUNTO BASICO
204,Oportunidad,BLUSA Y VESTID PLANO
22,Confianza,DENIM TRAFICO
4,Potenciales,PUNTO CHAQUETA
31,Oportunidad,PUNTO POLO Y PERILLA
25,Confianza,CHAQUETA PLANO
107,Confianza,PUNTO BASICO TRAFICO
205,Oportunidad,PUNTO BASICO
206,Oportunidad,PUNTO BASICO
15,Oportunidad,PUNTO BLUSA Y VESTID
16,Oportunidad,PANTY Y TOP
207,Oportunidad,PUNTO INTERIOR
43,Oportunidad,PUNTO CHAQUETA
208,Oportunidad,PUNTO BASICO
209,Oportunidad,INFERIOR DENIM
187,Potenciales,BOXER
210,Oportunidad,PUNTO BASICO
