Orden,Unidades de la OP,Material,Denominacion Tipo de producto,SAM,Prioridad,Minutos totales de la orden
2690063,410.0,2690063,CHAQUETA DENIM,19.9,1.0,8157.36
2690077,288.0,2690077,PUNTO BASICO,7.73,3.0,2227.392
2690408,216.0,2690408,PUNTO BASICO,10.93,3.0,2361.528
2690444,2240.0,2690444,PUNTO BASICO,8.97,3.0,20090.56
2690496,653.0,2690496,PUNTO BASICO,11.8,3.0,7702.135
2690661,439.0,2690661,PUNTO BASICO,7.32,3.0,3211.724
2690662,467.0,2690662,PUNTO BASICO,5.09,3.0,2378.898
2690664,495.0,2690664,PUNTO BASICO,7.18,3.0,3552.12
2690670,702.0,2690670,PUNTO BASICO TRAFICO,5.01,3.0,3514.212
2690672,501.0,2690672,PUNTO BASICO,5.23,3.0,2621.733
2690673,1203.0,2690673,PUNTO BASICO,7.61,3.0,9159.642
2690674,930.0,2690674,PUNTO BASICO,5.82,3.0,5413.53
2690676,698.0,2690676,PUNTO BASICO,5.29,3.0,3695.212
2690678,465.0,2690678,PUNTO BASICO,5.5,3.0,2557.035
2690697,588.0,2690697,PUNTO BASICO,5.23,3.0,3077.004
2690699,541.0,2690699,PUNTO BASICO,6.15,3.0,3329.314
2690708,140.0,2690708,PUNTO BASICO,5.03,3.0,704.62
2690711,844.0,2690711,PUNTO BASICO,5.29,3.0,4468.136
2690712,378.0,2690712,PUNTO BASICO,5.29,3.0,2001.132
2690715,320.0,2690715,PUNTO BASICO,11.24,3.0,3597.12
2690722,756.0,2690722,PUNTO BASICO,10.25,3.0,7747.488
2690739,1257.0,2690739,PUNTO BASICO,6.27,3.0,7875.105
2690740,1081.0,2690740,PUNTO BASICO,10.19,3.0,11009.985
2690743,645.0,2690743,PUNTO BASICO,7.86,3.0,5067.765
2690746,832.0,2690746,PUNTO BASICO,5.76,3.0,4788.16
2690753,1767.0,2690753,PUNTO BASICO,9.84,3.0,17392.581
2690754,1684.0,2690754,PUNTO BASICO,14.86,3.0,25020.872
2690757,1545.0,2690757,PUNTO BASICO,11.76,3.0,18170.745
2690762,168.0,2690762,PUNTO BASICO,4.76,3.0,800.352
2690763,785.0,2690763,PUNTO BASICO,9.56,3.0,7503.815
2690766,772.0,2690766,PUNTO BASICO,5.23,3.0,4039.876
2690772,1392.0,2690772,PUNTO BASICO,7.0,3.0,9744.0
2690774,1242.0,2690774,PUNTO BASICO,10.54,3.0,13093.164
2690778,949.0,2690778,PUNTO BASICO,9.9,3.0,9393.202
2690779,478.0,2690779,PUNTO BASICO,6.75,3.0,3228.412
2690788,650.0,2690788,PUNTO BASICO,8.94,3.0,5813.6
2690790,363.0,2690790,PUNTO BASICO,4.24,3.0,1538.031
2690798,1257.0,2690798,PUNTO BASICO,11.07,3.0,13920.018
2690811,966.0,2690811,PUNTO BASICO,9.13,3.0,8821.512
2690813,474.0,2690813,PUNTO BASICO,7.5,3.0,3553.578
2690815,1125.0,2690815,PUNTO BASICO,10.95,3.0,12314.25
2690824,973.0,2690824,PUNTO BASICO,9.23,3.0,8976.898
2690826,990.0,2690826,PUNTO BASICO,10.84,3.0,10731.6
2690828,882.0,2690828,PUNTO BASICO,5.25,3.0,4631.382
2690831,888.0,2690831,PUNTO BASICO,8.06,3.0,7153.728
2690833,936.0,2690833,PUNTO BASICO,11.24,3.0,10520.64
2690837,940.0,2690837,PUNTO BASICO,7.74,3.0,7279.36
2690838,936.0,2690838,PUNTO BASICO TRAFICO,5.39,3.0,5044.104
2690840,838.0,2690840,PUNTO BASICO,3.96,3.0,3320.994
2690841,759.0,2690841,PUNTO INTERIOR,8.12,3.0,6161.562
2690853,671.0,2690853,PUNTO BASICO,8.77,3.0,5885.341
2690855,104.0,2690855,PUNTO BASICO,8.68,3.0,902.616
2690859,488.0,2690859,PUNTO BASICO,6.14,3.0,2997.784
2690869,349.0,2690869,PUNTO BASICO TRAFICO,4.62,3.0,1612.729
2690870,767.0,2690870,PUNTO BASICO,5.17,3.0,3962.322
2690876,336.0,2690876,PUNTO BASICO,7.82,3.0,2626.848
2690878,738.0,2690878,PUNTO BASICO,10.95,3.0,8078.148
2690879,570.0,2690879,PUNTO BASICO,6.31,3.0,3593.85
2690882,354.0,2690882,PUNTO INTERIOR,9.57,3.0,3387.78
2690899,310.0,2690899,PUNTO INTERIOR,15.55,3.0,4821.74
2690900,296.0,2690900,PUNTO BASICO,10.72,3.0,3171.936
2690908,102.0,2690908,PUNTO BASICO TRAFICO,4.62,3.0,471.342
2690909,680.0,2690909,PUNTO BASICO,3.98,2.0,2707.08
2690910,619.0,2690910,PUNTO BASICO,4.62,3.0,2861.018
2690911,522.0,2690911,PUNTO BASICO,3.98,2.0,2078.082
2690912,448.0,2690912,PANTY Y TOP,6.39,3.0,2862.272
2690914,294.0,2690914,PUNTO BASICO,8.45,3.0,2483.712
2690916,303.0,2690916,PUNTO BASICO,8.45,3.0,2559.744
2690917,735.0,2690917,PUNTO BASICO,6.69,3.0,4920.09
2690925,520.0,2690925,BRASIER,12.23,3.0,6357.52
2690927,354.0,2690927,PUNTO BASICO,7.79,3.0,2757.66
2690930,455.0,2690930,PUNTO BASICO,8.28,2.0,3769.22
2690936,312.0,2690936,PUNTO BASICO TRAFICO,5.39,3.0,1681.368
2690943,420.0,2690943,PANTY Y TOP,14.09,3.0,5916.96
2690948,439.0,2690948,PUNTO BASICO TRAFICO,5.39,3.0,2365.771
2690950,495.0,2690950,PUNTO BASICO,7.15,3.0,3539.745
2690951,321.0,2690951,PUNTO BASICO,5.75,3.0,1846.713
2690957,549.0,2690957,CHAQUETA DENIM,27.94,2.0,15337.962
2690959,647.0,2690959,PUNTO BASICO,5.08,3.0,3289.348
2690960,784.0,2690960,PUNTO BASICO,5.08,3.0,3985.856
2690961,1118.0,2690961,PUNTO BASICO,5.08,3.0,5683.912
2690962,168.0,2690962,PANTY Y TOP,14.16,3.0,2378.04
2690967,260.0,2690967,PANTY Y TOP,11.81,3.0,3070.08
2690970,342.0,2690970,PUNTO INTERIOR,15.9,3.0,5438.826
2690972,320.0,2690972,PUNTO INTERIOR,11.51,3.0,3682.88
2690973,345.0,2690973,PUNTO INTERIOR,8.91,3.0,3073.95
2690975,396.0,2690975,PUNTO INTERIOR,10.89,3.0,4313.628
2690976,300.0,2690976,PANTY Y TOP,16.84,3.0,5050.8
2690979,396.0,2690979,PUNTO INTERIOR,6.11,3.0,2418.372
2690982,1140.0,2690982,PUNTO BASICO,5.08,3.0,5795.76
2690983,1199.0,2690983,PUNTO BASICO TRAFICO,5.08,3.0,6095.716
2690984,553.0,2690984,PUNTO BASICO,7.33,3.0,4053.49
2690985,482.0,2690985,PUNTO INTERIOR,7.67,3.0,3695.976
2690986,371.0,2690986,PUNTO BASICO,9.33,3.0,3462.914
2690988,790.0,2690988,PUNTO BASICO,8.55,3.0,6757.66
2690989,381.0,2690989,PUNTO INTERIOR,6.98,3.0,2660.523
2690990,590.0,2690990,PUNTO BASICO,10.62,3.0,6268.16
2690992,466.0,2690992,PUNTO BASICO,10.62,3.0,4950.784
2690993,348.0,2690993,PUNTO BASICO,13.44,3.0,4677.12
2691012,371.0,2691012,PUNTO BASICO,6.39,3.0,2371.432
2691013,304.0,2691013,PUNTO BASICO,6.39,3.0,1943.168
2691015,284.0,2691015,PUNTO BASICO,6.39,3.0,1815.328
2691019,422.0,2691019,PUNTO BASICO,7.08,3.0,2985.65
2691020,760.0,2691020,PUNTO BASICO,7.08,3.0,5377.0
2691021,373.0,2691021,PUNTO BASICO,7.08,3.0,2638.975
2691023,451.0,2691023,PUNTO BASICO,3.96,3.0,1787.313
2691026,1539.0,2691026,PUNTO BASICO,9.21,3.0,14172.651
2691028,1428.0,2691028,PUNTO BASICO TRAFICO,5.14,3.0,7337.064
2691029,1432.0,2691029,PUNTO BASICO,5.72,3.0,8193.904
2691031,1176.0,2691031,PUNTO BASICO TRAFICO,5.14,3.0,6042.288
2691036,984.0,2691036,PUNTO BASICO,5.72,3.0,5630.448
2691038,960.0,2691038,PUNTO BASICO TRAFICO,5.14,3.0,4932.48
2691039,905.0,2691039,PUNTO BASICO,9.62,3.0,8707.91
2691041,850.0,2691041,PUNTO BASICO,8.56,3.0,7272.6
2691043,456.0,2691043,PUNTO INTERIOR TRAFICO,4.92,3.0,2245.344
2691051,732.0,2691051,PUNTO BASICO,7.18,3.0,5252.1
2691053,765.0,2691053,PUNTO BASICO,11.75,3.0,8987.22
2691054,758.0,2691054,PUNTO BASICO,10.76,3.0,8154.564
2691058,734.0,2691058,PUNTO BASICO,10.16,3.0,7458.174
2691059,576.0,2691059,PUNTO BASICO,3.98,3.0,2293.056
2691061,444.0,2691061,PUNTO BASICO TRAFICO,5.14,3.0,2281.272
2691070,712.0,2691070,PUNTO BASICO,9.6,3.0,6838.048
2691072,675.0,2691072,PUNTO BASICO,4.96,3.0,3350.7
2691073,607.0,2691073,PUNTO BASICO,6.39,3.0,3879.944
2691076,156.0,2691076,PUNTO BASICO,5.82,3.0,908.076
2691077,102.0,2691077,PUNTO BASICO,6.95,3.0,708.9
2691078,220.0,2691078,PUNTO BASICO,6.95,3.0,1529.0
2691079,535.0,2691079,PUNTO BASICO,3.96,3.0,2120.205
2691081,183.0,2691081,PUNTO BASICO,5.82,3.0,1065.243
2691083,471.0,2691083,PUNTO BASICO,7.87,3.0,3704.415
2691091,682.0,2691091,PUNTO BASICO,7.94,3.0,5417.126
2691093,606.0,2691093,PUNTO BASICO,4.82,3.0,2919.708
2691095,558.0,2691095,PUNTO BASICO,3.96,3.0,2211.354
2691096,259.0,2691096,PUNTO BASICO,6.29,3.0,1628.592
2691097,300.0,2691097,PUNTO BASICO,5.25,3.0,1575.3
2691098,312.0,2691098,PUNTO BASICO,7.21,3.0,2249.832
2691114,324.0,2691114,PUNTO BASICO,5.14,3.0,1664.712
2691115,357.0,2691115,PUNTO BASICO,5.14,3.0,1834.266
2691116,518.0,2691116,PUNTO BASICO,5.14,3.0,2661.484
2691117,340.0,2691117,INFERIORES PLANO,19.75,3.0,6715.0
2691118,276.0,2691118,PUNTO BASICO,8.11,3.0,2239.464
2691123,782.0,2691123,PUNTO BASICO TRAFICO,5.14,3.0,4017.916
2691124,330.0,2691124,PUNTO BASICO,6.95,3.0,2294.82
2691125,497.0,2691125,PUNTO BASICO,9.27,3.0,4605.699
2691127,586.0,2691127,PUNTO BASICO,7.82,3.0,4580.762
2691128,330.0,2691128,PUNTO BASICO,4.82,3.0,1589.94
2691129,455.0,2691129,PUNTO BASICO,10.54,3.0,4796.61
2691130,340.0,2691130,PUNTO BASICO,4.82,3.0,1638.12
2691131,413.0,2691131,PUNTO BASICO,15.24,3.0,6294.12
2691132,371.0,2691132,PUNTO BASICO,4.76,3.0,1767.444
2691134,236.0,2691134,PUNTO BASICO,5.35,3.0,1263.072
2691162,294.0,2691162,PUNTO BASICO,7.54,3.0,2216.466
2691172,537.0,2691172,PUNTO BASICO,10.54,3.0,5661.054
2691173,519.0,2691173,PUNTO BASICO,5.7,3.0,2956.224
2691174,318.0,2691174,PUNTO BASICO,8.36,3.0,2657.526
2691175,585.0,2691175,PUNTO BASICO,5.7,3.0,3332.16
2691176,195.0,2691176,PUNTO BASICO,4.25,3.0,829.53
2691177,247.0,2691177,PUNTO BASICO,6.95,3.0,1716.65
2691178,298.0,2691178,CAMISA LIVIANO,13.6,3.0,4052.502
2691181,569.0,2691181,PUNTO BASICO,5.28,3.0,3005.458
2691183,339.0,2691183,PUNTO BASICO,3.98,3.0,1349.559
2691185,569.0,2691185,PUNTO BASICO,6.09,3.0,3465.779
2691199,310.0,2691199,PUNTO INTERIOR,9.42,3.0,2919.89
2691201,305.0,2691201,CAMISA PLANO,14.03,3.0,4277.93
2691208,378.0,2691208,PUNTO INTERIOR,5.36,3.0,2027.592
2691209,124.0,2691209,PUNTO INTERIOR,11.53,3.0,1430.216
2691210,294.0,2691210,PUNTO INTERIOR,8.26,3.0,2427.852
2691211,266.0,2691211,BRASIER,14.74,3.0,3921.638
2691213,166.0,2691213,PUNTO INTERIOR,7.26,3.0,1205.326
2691217,102.0,2691217,INFERIORES PLANO,19.75,3.0,2014.5
2691227,260.0,2691227,PUNTO INTERIOR,9.59,3.0,2493.14
2691228,475.0,2691228,PUNTO INTERIOR,5.79,3.0,2750.725
2691234,245.0,2691234,PUNTO BASICO TRAFICO,5.39,3.0,1320.305
2691238,216.0,2691238,BRASIER,11.41,3.0,2463.696
2691239,250.0,2691239,BRASIER,7.73,3.0,1931.75
2691242,240.0,2691242,PUNTO INTERIOR TRAFICO,4.75,3.0,1140.24
2691243,242.0,2691243,PUNTO INTERIOR,6.24,3.0,1510.564
2691244,236.0,2691244,PUNTO INTERIOR,10.25,3.0,2417.82
2691245,240.0,2691245,BRASIER,12.23,3.0,2934.24
2691246,240.0,2691246,PUNTO INTERIOR,5.55,3.0,1331.76
2691247,322.0,2691247,PUNTO INTERIOR,12.9,3.0,4155.088
2691249,220.0,2691249,PUNTO INTERIOR,5.55,3.0,1220.78
2691250,117.0,2691250,BRASIER,7.73,3.0,904.059
2691251,252.0,2691251,BRASIER,11.05,3.0,2783.844
2691254,294.0,2691254,PUNTO INTERIOR,6.08,3.0,1787.814
2691255,188.0,2691255,PUNTO INTERIOR,7.11,3.0,1336.868
2691256,300.0,2691256,PUNTO INTERIOR,6.08,3.0,1824.3
2691257,220.0,2691257,PUNTO INTERIOR TRAFICO,10.16,3.0,2234.32
2691258,239.0,2691258,PUNTO INTERIOR,12.24,3.0,2924.643
2691259,90.0,2691259,INFERIORES PLANO,19.36,3.0,1741.95
2691260,247.0,2691260,PUNTO INTERIOR,12.24,3.0,3022.539
2691262,469.0,2691262,PUNTO INTERIOR,8.66,3.0,4062.947
2691265,160.0,2691265,PUNTO BASICO,8.45,3.0,1351.68
2691269,188.0,2691269,PUNTO BASICO TRAFICO,5.39,3.0,1013.132
2691272,261.0,2691272,PUNTO BASICO TRAFICO,5.39,3.0,1406.529
2691275,120.0,2691275,PUNTO BASICO TRAFICO,5.39,3.0,646.68
2691283,282.0,2691283,PUNTO INTERIOR,12.08,3.0,3406.842
2691284,605.0,2691284,PUNTO INTERIOR,5.93,3.0,3590.07
2691290,144.0,2691290,PUNTO INTERIOR,4.86,3.0,699.84
2691291,332.0,2691291,PUNTO INTERIOR,8.86,3.0,2940.524
2691292,576.0,2691292,PANTY Y TOP,9.35,3.0,5387.328
2691293,256.0,2691293,PUNTO INTERIOR,9.0,3.0,2303.744
2691295,131.0,2691295,PUNTO BASICO,11.24,3.0,1472.44
2691299,330.0,2691299,PUNTO BASICO,5.03,3.0,1659.24
2691300,288.0,2691300,PUNTO BASICO,5.39,3.0,1552.032
2691301,255.0,2691301,PUNTO BASICO,6.23,3.0,1587.63
2691303,124.0,2691303,PUNTO INTERIOR,5.55,3.0,688.076
2691304,302.0,2691304,PUNTO BASICO TRAFICO,5.39,3.0,1627.478
2691305,183.0,2691305,PUNTO BASICO TRAFICO,5.39,3.0,986.187
2691319,148.0,2691319,PUNTO INTERIOR,12.08,3.0,1787.988
2691320,144.0,2691320,PUNTO INTERIOR,6.08,3.0,875.664
2691321,150.0,2691321,PUNTO INTERIOR,7.11,3.0,1066.65
2691322,128.0,2691322,PUNTO INTERIOR,6.08,3.0,778.368
2691323,115.0,2691323,PUNTO INTERIOR,12.24,3.0,1407.255
2691324,115.0,2691324,PUNTO INTERIOR,12.24,3.0,1407.255
2691329,114.0,2691329,INFERIORES PLANO,19.66,3.0,2240.67
2691330,120.0,2691330,CAMISA LIVIANO,18.9,3.0,2268.36
2691331,108.0,2691331,CAMISA LIVIANO,16.63,3.0,1796.364
2691355,153.0,2691355,CAMISA LIVIANO,13.6,3.0,2080.647
2691359,468.0,2691359,PUNTO INTERIOR,6.24,3.0,2921.256
2691361,236.0,2691361,PUNTO INTERIOR,15.55,3.0,3670.744
2691365,216.0,2691365,PUNTO BASICO,11.68,3.0,2523.528
2691367,168.0,2691367,PUNTO BASICO,8.45,3.0,1419.264
2691368,280.0,2691368,PUNTO BASICO,6.37,3.0,1782.2
2691370,105.0,2691370,PUNTO BASICO,9.19,3.0,965.37
2691371,218.0,2691371,INFERIORES PLANO,22.57,3.0,4919.824
2691373,234.0,2691373,PUNTO BASICO,8.78,3.0,2054.988
2691374,141.0,2691374,PUNTO BASICO TRAFICO,5.39,3.0,759.849
2691379,219.0,2691379,CAMISA LIVIANO,24.49,3.0,5363.529
2691381,176.0,2691381,PUNTO BASICO TRAFICO,5.39,3.0,948.464
2691386,240.0,2691386,PUNTO BASICO TRAFICO,5.39,3.0,1293.36
2691389,159.0,2691389,PUNTO BASICO,6.23,3.0,989.934
2691392,211.0,2691392,PUNTO BASICO,9.91,3.0,2091.643
2691393,228.0,2691393,PUNTO BASICO TRAFICO,5.39,3.0,1228.692
2691394,216.0,2691394,PUNTO BASICO,9.83,3.0,2124.144
2691401,100.0,2691401,CHAQUETA PLANO,17.13,3.0,1712.6
2691402,146.0,2691402,CHAQUETA PLANO,17.13,3.0,2500.396
2691405,240.0,2691405,PUNTO BASICO,5.91,3.0,1417.2
2691406,269.0,2691406,PUNTO BASICO,5.75,3.0,1547.557
2691407,175.0,2691407,CAMISA LIVIANO,16.63,3.0,2910.775
2691408,263.0,2691408,CAMISA LIVIANO,24.49,3.0,6441.133
2691409,144.0,2691409,PUNTO BASICO,5.25,3.0,755.28
2691411,156.0,2691411,PUNTO BASICO,4.3,3.0,670.956
2691412,262.0,2691412,PUNTO BASICO,7.58,3.0,1986.222
2691414,236.0,2691414,PUNTO BASICO,4.37,3.0,1030.612
2691421,195.0,2691421,PUNTO INTERIOR,5.93,3.0,1157.13
2691424,151.0,2691424,PUNTO BASICO,8.68,3.0,1310.378
2691425,198.0,2691425,PUNTO BASICO,9.18,3.0,1817.838
2691427,180.0,2691427,PUNTO BASICO,10.25,3.0,1844.64
2691428,244.0,2691428,PUNTO BASICO,5.15,3.0,1256.112
2691430,168.0,2691430,PUNTO BASICO,6.03,3.0,1013.376
2691431,294.0,2691431,PUNTO BASICO,5.15,3.0,1513.512
2691432,422.0,2691432,PUNTO BASICO,5.15,3.0,2172.456
2691433,204.0,2691433,PUNTO BASICO,11.13,3.0,2270.52
2691443,345.0,2691443,PUNTO BASICO,7.45,3.0,2569.215
2691444,203.0,2691444,INFERIORES PLANO,19.66,3.0,3989.965
2691445,133.0,2691445,CAMISA LIVIANO,18.9,3.0,2514.099
2691446,176.0,2691446,PUNTO BASICO,8.29,3.0,1459.568
2691451,209.0,2691451,PUNTO INTERIOR,9.59,3.0,2004.101
2691452,112.0,2691452,PUNTO INTERIOR TRAFICO,10.16,3.0,1137.472
2691453,314.0,2691453,PUNTO INTERIOR TRAFICO,10.16,3.0,3188.984
2691462,149.0,2691462,PUNTO INTERIOR,8.66,3.0,1290.787
2691464,139.0,2691464,PUNTO INTERIOR,8.86,3.0,1231.123
2691467,120.0,2691467,PUNTO INTERIOR TRAFICO,4.75,3.0,570.12
2691468,210.0,2691468,PUNTO INTERIOR,9.59,3.0,2013.69
2691490,342.0,2691490,PUNTO BASICO,16.97,2.0,5803.398
2691504,362.0,2691504,PUNTO MODA ESPECIAL,10.67,3.0,3862.54
2691596,308.0,2691596,INFERIORES PLANO,10.5,3.0,3232.768
2691610,315.0,2691610,BLUSA Y VESTID PLANO,21.51,3.0,6776.595
2691623,170.0,2691623,BLUSA Y VESTID PLANO,17.09,3.0,2904.62
2691638,300.0,2691638,PUNTO MODA ESPECIAL,15.63,3.0,4688.1
2691668,300.0,2691668,PUNTO INTERIOR TRAFICO,4.75,3.0,1425.3
2691669,309.0,2691669,PUNTO INTERIOR TRAFICO,4.06,3.0,1255.467
2691697,401.0,2691697,PUNTO BASICO,9.16,3.0,3674.764
2691698,450.0,2691698,PUNTO BASICO,12.11,3.0,5447.7
2691704,288.0,2691704,PUNTO INTERIOR,9.72,3.0,2798.496
2691705,740.0,2691705,PUNTO BASICO,5.82,3.0,4307.54
2691707,290.0,2691707,PUNTO BASICO,5.74,3.0,1663.15
2691890,100.0,2691890,PUNTO MODA ESPECIAL,17.19,3.0,1718.5
2691940,276.0,2691940,PUNTO INTERIOR TRAFICO,8.92,3.0,2461.644
2691946,385.0,2691946,CHAQUETA DENIM,32.81,2.0,12633.005
2691947,623.0,2691947,PUNTO BASICO,9.66,3.0,6020.672
2691948,805.0,2691948,PUNTO BASICO,5.08,3.0,4092.62
2691952,341.0,2691952,PUNTO BASICO,10.85,3.0,3700.191
2691956,1584.0,2691956,PUNTO BASICO,5.59,3.0,8846.64
2691957,562.0,2691957,PUNTO BASICO,5.76,3.0,3238.244
2691958,456.0,2691958,PUNTO INTERIOR,12.77,3.0,5824.032
2691959,666.0,2691959,PUNTO BASICO,5.95,3.0,3962.7
2691960,750.0,2691960,PUNTO BASICO,5.08,3.0,3813.0
2691962,1015.0,2691962,PUNTO BASICO,4.95,3.0,5027.295
2691964,418.0,2691964,PUNTO BASICO,5.95,3.0,2485.428
2691967,513.0,2691967,PUNTO BASICO,5.95,3.0,3050.298
2691968,374.0,2691968,PUNTO BASICO,6.66,3.0,2490.092
2691969,281.0,2691969,PUNTO BASICO,6.28,3.0,1763.275
2691971,940.0,2691971,PUNTO BASICO,5.1,3.0,4795.88
2691972,288.0,2691972,PUNTO BASICO,5.53,3.0,1592.928
2691979,724.0,2691979,PUNTO BASICO,5.73,3.0,4147.796
2691980,495.0,2691980,PUNTO BASICO,12.8,3.0,6334.515
2691983,1120.0,2691983,PUNTO BASICO,4.23,3.0,4732.0
2691986,898.0,2691986,PUNTO BASICO,6.38,3.0,5731.036
2691987,888.0,2691987,PUNTO BASICO,11.85,3.0,10523.688
2691989,858.0,2691989,PUNTO BASICO TRAFICO,5.08,3.0,4362.072
2691991,720.0,2691991,PUNTO INTERIOR TRAFICO,4.75,3.0,3420.72
2691992,654.0,2691992,PUNTO INTERIOR TRAFICO,4.06,3.0,2657.202
2691994,386.0,2691994,PUNTO BASICO,10.85,3.0,4188.486
2691995,306.0,2691995,PUNTO BASICO,13.03,3.0,3986.874
2691996,250.0,2691996,PUNTO BASICO,9.99,3.0,2498.25
2691997,216.0,2691997,PUNTO BASICO,5.5,3.0,1187.784
2692000,186.0,2692000,PUNTO INTERIOR,7.11,3.0,1322.646
2692001,130.0,2692001,PUNTO INTERIOR,7.11,3.0,924.43
2692004,228.0,2692004,PUNTO BASICO,10.26,3.0,2338.824
2692014,726.0,2692014,PUNTO BASICO,6.95,3.0,5045.7
2692021,325.0,2692021,PUNTO BASICO,7.32,3.0,2377.375
2692022,315.0,2692022,PUNTO BASICO TRAFICO,5.08,3.0,1601.46
2692023,544.0,2692023,PUNTO BASICO,7.11,3.0,3867.84
2692024,704.0,2692024,PUNTO BASICO,7.11,3.0,5005.44
2692026,265.0,2692026,PUNTO BASICO,8.3,3.0,2198.175
2692027,744.0,2692027,PUNTO BASICO,11.15,3.0,8292.624
2692029,406.0,2692029,PUNTO BASICO,6.46,3.0,2623.166
2692031,742.0,2692031,PUNTO BASICO,5.7,3.0,4232.368
2692033,501.0,2692033,PUNTO BASICO,10.12,3.0,5070.12
2692035,300.0,2692035,PUNTO BASICO TRAFICO,5.08,3.0,1525.2
2692036,432.0,2692036,PUNTO BASICO,10.31,3.0,4455.648
2692040,756.0,2692040,PANTY Y TOP,9.11,3.0,6884.136
2692041,600.0,2692041,PUNTO BASICO,4.61,3.0,2767.2
2692044,366.0,2692044,PUNTO BASICO,5.58,3.0,2042.646
2692045,345.0,2692045,PUNTO BASICO,4.61,3.0,1591.14
2692046,636.0,2692046,PUNTO BASICO,4.61,3.0,2933.232
2692047,444.0,2692047,PUNTO BASICO,5.58,3.0,2477.52
2692049,658.0,2692049,PUNTO BASICO,7.71,3.0,5073.838
2692050,791.0,2692050,PUNTO BASICO,7.71,3.0,6099.401
2692057,503.0,2692057,PUNTO BASICO,8.0,3.0,4021.485
2692064,413.0,2692064,PUNTO INTERIOR,12.77,3.0,5274.836
2692065,464.0,2692065,PUNTO BASICO,17.44,3.0,8094.016
2692066,397.0,2692066,PUNTO BASICO,8.69,3.0,3449.533
2692067,500.0,2692067,PUNTO BASICO,9.11,3.0,4556.0
2692068,300.0,2692068,PUNTO BASICO,11.89,3.0,3565.5
2692069,360.0,2692069,PANTY Y TOP,3.94,3.0,1419.12
2692073,304.0,2692073,PANTY Y TOP,10.58,3.0,3217.536
2692075,319.0,2692075,PUNTO BASICO,12.06,3.0,3846.183
2692079,708.0,2692079,PUNTO BASICO,9.39,3.0,6646.704
2692082,434.0,2692082,PANTY Y TOP,10.35,3.0,4491.032
2692096,292.0,2692096,CHAQUETA DENIM,19.9,2.0,5809.632
2692097,528.0,2692097,PANTY Y TOP,6.31,3.0,3330.096
2692098,640.0,2692098,PUNTO BASICO,5.11,3.0,3271.68
2692099,1215.0,2692099,PUNTO BASICO,5.35,3.0,6502.68
2692100,579.0,2692100,PUNTO BASICO,9.72,3.0,5627.88
2692101,768.0,2692101,PUNTO BASICO,9.89,3.0,7594.752
2692103,785.0,2692103,PUNTO BASICO,5.11,3.0,4012.92
2692105,700.0,2692105,PUNTO BASICO,5.11,3.0,3578.4
2692108,620.0,2692108,PUNTO BASICO,5.35,3.0,3318.24
2692112,335.0,2692112,PUNTO BASICO,6.92,3.0,2318.535
2692120,204.0,2692120,PUNTO BASICO,4.6,3.0,937.38
2692122,378.0,2692122,PUNTO BASICO,7.68,3.0,2903.796
2692123,344.0,2692123,PUNTO BASICO,11.78,3.0,4050.944
2692125,730.0,2692125,PUNTO BASICO,5.35,3.0,3906.96
2692126,1010.0,2692126,PUNTO BASICO,5.11,3.0,5163.12
2692127,1040.0,2692127,PUNTO BASICO,5.11,3.0,5316.48
2692128,1080.0,2692128,PUNTO BASICO,5.11,3.0,5520.96
2692129,1030.0,2692129,PUNTO BASICO,5.11,3.0,5265.36
2692130,1140.0,2692130,PUNTO BASICO,5.11,3.0,5827.68
2692133,470.0,2692133,PUNTO BASICO,8.77,3.0,4122.37
2692135,375.0,2692135,PUNTO BASICO,11.25,3.0,4216.875
2692139,352.0,2692139,PUNTO BASICO,4.85,3.0,1707.904
2692141,400.0,2692141,PUNTO BASICO,14.54,3.0,5815.6
2692142,366.0,2692142,PUNTO BASICO,12.78,3.0,4678.944
2692144,430.0,2692144,PUNTO BASICO,10.61,3.0,4561.01
2692145,400.0,2692145,PUNTO BASICO,14.93,3.0,5972.8
2692146,368.0,2692146,PUNTO BASICO,10.18,3.0,3746.976
2692147,352.0,2692147,PUNTO BASICO,5.56,3.0,1955.712
2692151,383.0,2692151,PUNTO BASICO,6.92,3.0,2650.743
2692152,360.0,2692152,PANTY Y TOP,14.68,3.0,5285.52
2692153,429.0,2692153,PUNTO BASICO,10.69,3.0,4587.726
2692154,800.0,2692154,PUNTO BASICO,13.54,3.0,10833.6
2692155,429.0,2692155,PUNTO BASICO,4.85,3.0,2081.508
2692156,352.0,2692156,PUNTO BASICO,4.85,3.0,1707.904
2692160,374.0,2692160,PANTY Y TOP,12.01,3.0,4492.488
2692161,462.0,2692161,PUNTO BASICO,11.97,3.0,5530.602
2692162,554.0,2692162,PUNTO BASICO,7.97,3.0,4412.61
2692163,492.0,2692163,PUNTO INTERIOR,12.84,3.0,6317.28
2692164,669.0,2692164,PUNTO BASICO,5.46,3.0,3654.078
2692165,714.0,2692165,PUNTO BASICO,5.52,3.0,3938.424
2692166,432.0,2692166,BRASIER,10.27,3.0,4435.776
2692170,145.0,2692170,PUNTO INTERIOR,4.53,3.0,656.705
2692173,210.0,2692173,PUNTO BASICO,7.84,3.0,1645.56
2692174,246.0,2692174,PUNTO BASICO,9.68,3.0,2381.034
2692175,233.0,2692175,PUNTO BASICO,9.98,3.0,2324.408
2692177,414.0,2692177,PUNTO INTERIOR,4.53,3.0,1875.006
2692184,558.0,2692184,PUNTO BASICO,9.68,3.0,5400.882
2692186,585.0,2692186,PUNTO INTERIOR TRAFICO,8.92,3.0,5217.615
2692187,454.0,2692187,PUNTO INTERIOR,6.26,3.0,2841.586
2692189,720.0,2692189,PUNTO BASICO,7.97,3.0,5735.52
2692191,495.0,2692191,PUNTO BASICO,4.85,3.0,2401.74
2692193,409.0,2692193,PUNTO INTERIOR,10.85,3.0,4436.423
2692196,600.0,2692196,PUNTO BASICO,5.28,3.0,3169.2
2692199,1033.0,2692199,PUNTO BASICO,5.08,3.0,5251.772
2692200,1065.0,2692200,PUNTO BASICO,4.95,3.0,5267.49
2692201,992.0,2692201,PUNTO BASICO,8.5,3.0,8433.984
2692202,986.0,2692202,PUNTO BASICO,3.92,3.0,3865.12
2692211,860.0,2692211,PUNTO BASICO,3.92,3.0,3371.2
2692213,880.0,2692213,PUNTO BASICO,3.92,3.0,3449.6
2692217,722.0,2692217,PUNTO BASICO,4.23,3.0,3050.45
2692218,300.0,2692218,INFERIOR DENIM,26.4,2.0,7920.3
2692221,771.0,2692221,PUNTO BASICO,4.41,3.0,3397.797
2692223,736.0,2692223,PUNTO BASICO TRAFICO,7.89,3.0,5805.568
2692227,496.0,2692227,OVEROL,30.17,2.0,14964.816
2692234,692.0,2692234,PUNTO BASICO,4.95,3.0,3422.632
2692235,708.0,2692235,PUNTO BASICO,4.95,3.0,3501.768
2692240,348.0,2692240,BLUSA Y VESTID PLANO,19.33,3.0,6727.884
2692242,320.0,2692242,INFERIORES PLANO,22.45,3.0,7184.64
2692245,288.0,2692245,INFERIORES PLANO,10.44,3.0,3005.568
2692247,404.0,2692247,INFERIORES PLANO,16.44,3.0,6642.568
2692279,210.0,2692279,BRASIER,12.56,3.0,2636.55
2692283,294.0,2692283,PUNTO BASICO,6.13,3.0,1801.338
2692284,373.0,2692284,PUNTO INTERIOR,6.98,3.0,2604.659
2692289,239.0,2692289,PUNTO INTERIOR,9.79,3.0,2338.615
2692290,388.0,2692290,INFERIORES PLANO,25.43,3.0,9867.228
2692291,464.0,2692291,PUNTO BASICO,5.96,3.0,2766.832
2692292,400.0,2692292,PUNTO BASICO,7.9,3.0,3161.6
2692294,362.0,2692294,PUNTO BASICO,5.96,3.0,2158.606
2692298,356.0,2692298,INFERIORES PLANO,13.48,3.0,4798.88
2692300,301.0,2692300,PUNTO BASICO,6.04,3.0,1817.438
2692301,235.0,2692301,BLUSA Y VESTID PLANO,25.09,3.0,5896.15
2692307,402.0,2692307,PUNTO BASICO,5.67,3.0,2278.938
2692308,368.0,2692308,PUNTO BASICO,5.58,3.0,2053.44
2692316,524.0,2692316,PUNTO BASICO,5.48,3.0,2873.616
2692319,660.0,2692319,PUNTO BASICO,3.32,3.0,2191.86
2692320,648.0,2692320,PUNTO BASICO,5.08,3.0,3294.432
2692322,580.0,2692322,PANTY Y TOP,8.58,3.0,4975.82
2692325,576.0,2692325,PUNTO INTERIOR,4.58,3.0,2635.2
2692327,588.0,2692327,PUNTO BASICO,3.32,3.0,1952.748
2692328,540.0,2692328,PUNTO INTERIOR,11.51,3.0,6214.86
2692331,546.0,2692331,PUNTO INTERIOR,9.79,3.0,5342.61
2692334,531.0,2692334,PUNTO BASICO,4.41,3.0,2340.117
2692336,441.0,2692336,BRASIER,10.88,3.0,4799.844
2692337,504.0,2692337,BRASIER,10.88,3.0,5485.536
2692338,573.0,2692338,PUNTO BASICO,5.39,3.0,3087.897
2692339,432.0,2692339,BRASIER,10.88,3.0,4701.888
2692340,102.0,2692340,PANTY Y TOP,13.17,3.0,1343.034
2692343,100.0,2692343,PANTY Y TOP,8.58,3.0,857.9
2692344,102.0,2692344,INFERIORES PLANO,22.78,3.0,2323.356
2692346,512.0,2692346,PUNTO INTERIOR,8.53,3.0,4366.336
2692349,144.0,2692349,PUNTO INTERIOR,7.97,3.0,1147.248
2692351,99.0,2692351,OVEROL,30.17,2.0,2986.929
2692353,100.0,2692353,BLUSA Y VESTID PLANO,19.33,3.0,1933.3
2692359,93.0,2692359,CAMISA PLANO,15.82,3.0,1471.26
2692363,602.0,2692363,PUNTO BASICO,6.83,3.0,4109.252
2692365,406.0,2692365,PUNTO BASICO,6.07,3.0,2466.044
2692366,320.0,2692366,PUNTO BASICO,8.56,3.0,2738.88
2692369,132.0,2692369,PUNTO INTERIOR,17.62,3.0,2326.236
2692373,144.0,2692373,PANTY Y TOP,10.35,3.0,1490.112
2692375,98.0,2692375,PANTY Y TOP,9.35,3.0,916.692
2692376,432.0,2692376,BOXER,19.39,3.0,8374.32
2692377,526.0,2692377,PUNTO INTERIOR,14.08,3.0,7405.028
2692378,591.0,2692378,PUNTO BASICO,4.41,3.0,2604.537
2692379,398.0,2692379,CAMISA PLANO,21.15,3.0,8418.496
2692380,470.0,2692380,PUNTO INTERIOR,10.65,3.0,5007.38
2692381,285.0,2692381,BOXER,15.63,3.0,4455.405
2692382,102.0,2692382,PANTY Y TOP,4.97,3.0,506.736
2692383,120.0,2692383,BRASIER,10.88,3.0,1305.48
2692385,524.0,2692385,PUNTO BASICO,10.43,3.0,5465.32
2692388,456.0,2692388,PUNTO BASICO,5.97,3.0,2723.232
2692399,1037.0,2692399,PUNTO BASICO TRAFICO,5.14,3.0,5328.106
2692401,442.0,2692401,PUNTO BASICO,5.96,3.0,2635.646
2692403,540.0,2692403,PUNTO INTERIOR,7.97,3.0,4302.18
2692404,480.0,2692404,PUNTO INTERIOR,7.97,3.0,3824.16
2692405,290.0,2692405,PUNTO INTERIOR,7.97,3.0,2310.43
2692414,99.0,2692414,PUNTO INTERIOR,8.1,3.0,802.197
2692424,611.0,2692424,PUNTO BASICO,10.44,3.0,6376.396
2692426,288.0,2692426,BRASIER,11.97,3.0,3448.512
2692427,152.0,2692427,PANTY Y TOP,14.09,3.0,2142.288
2692430,378.0,2692430,PUNTO BASICO,4.15,3.0,1568.7
2692433,136.0,2692433,PUNTO INTERIOR,11.75,3.0,1597.728
2692435,114.0,2692435,BLUSA Y VESTID PLANO,12.37,3.0,1410.522
2692436,159.0,2692436,PUNTO INTERIOR,6.98,3.0,1110.297
2692437,516.0,2692437,PUNTO BASICO,6.38,3.0,3292.596
2692438,378.0,2692438,PUNTO INTERIOR,17.62,3.0,6661.494
2692440,204.0,2692440,PANTY Y TOP,7.94,3.0,1619.964
2692441,466.0,2692441,CAMISA PLANO,15.82,3.0,7372.12
2692442,399.0,2692442,PUNTO BASICO,4.23,3.0,1685.775
2692444,156.0,2692444,PUNTO INTERIOR,9.51,3.0,1484.028
2692446,392.0,2692446,PUNTO BASICO,4.15,3.0,1626.8
2692447,600.0,2692447,PUNTO BASICO,6.13,3.0,3680.4
2692449,550.0,2692449,PUNTO BASICO,8.36,3.0,4598.0
2692450,540.0,2692450,PUNTO BASICO,4.15,3.0,2241.0
2692451,526.0,2692451,PUNTO BASICO,7.81,3.0,4107.008
2692452,322.0,2692452,PUNTO INTERIOR,9.46,3.0,3046.12
2692453,384.0,2692453,PUNTO BASICO,6.04,3.0,2318.592
2692454,492.0,2692454,PUNTO BASICO,4.63,3.0,2279.436
2692455,307.0,2692455,PUNTO INTERIOR,8.27,3.0,2537.662
2692456,604.0,2692456,PUNTO BASICO,4.15,3.0,2506.6
2692457,396.0,2692457,PUNTO BASICO,4.15,3.0,1643.4
2692460,270.0,2692460,BRASIER,12.56,3.0,3389.85
2692461,321.0,2692461,PUNTO BASICO,6.46,3.0,2073.018
2692463,630.0,2692463,PUNTO INTERIOR,9.76,3.0,6150.06
2692464,325.0,2692464,BRASIER,8.79,3.0,2856.75
2692465,539.0,2692465,PUNTO INTERIOR,5.36,3.0,2891.196
2692467,99.0,2692467,PUNTO MODA ESPECIAL,18.9,3.0,1871.001
2692468,133.0,2692468,BLUSA Y VESTID PLANO,12.77,3.0,1698.809
2692469,275.0,2692469,PUNTO BASICO,3.32,3.0,913.275
2692472,390.0,2692472,PUNTO BASICO,7.32,3.0,2852.85
2692482,1035.0,2692482,PUNTO BASICO,6.64,3.0,6873.435
2692488,723.0,2692488,PUNTO BASICO,7.08,3.0,5115.225
2692490,110.0,2692490,INFERIORES PLANO,18.75,3.0,2062.39
2692492,510.0,2692492,PUNTO BASICO,5.23,3.0,2668.83
2692494,411.0,2692494,PUNTO BASICO,6.15,3.0,2529.294
2692497,307.0,2692497,PUNTO BASICO,5.11,3.0,1569.384
2692498,310.0,2692498,CHAQUETA PLANO,14.15,3.0,4386.81
2692500,580.0,2692500,PUNTO BASICO,7.89,3.0,4575.04
2692503,324.0,2692503,PUNTO BASICO,6.52,3.0,2112.804
2692504,707.0,2692504,PUNTO BASICO TRAFICO,9.61,3.0,6795.684
2692506,432.0,2692506,PUNTO BASICO,6.73,3.0,2905.632
2692508,378.0,2692508,PUNTO BASICO,5.11,3.0,1932.336
2692510,294.0,2692510,PUNTO BASICO,6.04,3.0,1775.172
2692513,486.0,2692513,PUNTO BASICO,6.13,3.0,2981.124
2692516,540.0,2692516,INFERIORES PLANO,26.39,3.0,14252.22
2692517,242.0,2692517,PANTY Y TOP,9.98,3.0,2414.676
2692520,260.0,2692520,PUNTO BASICO,7.79,3.0,2025.4
2692527,300.0,2692527,PUNTO BASICO,10.04,3.0,3013.2
2692529,666.0,2692529,PUNTO INTERIOR,6.89,3.0,4591.404
2692531,582.0,2692531,PANTY Y TOP,10.22,3.0,5946.876
2692532,542.0,2692532,PUNTO INTERIOR,11.75,3.0,6367.416
2692539,534.0,2692539,PUNTO BASICO,8.55,3.0,4567.836
2692554,315.0,2692554,INFERIORES PLANO,13.76,3.0,4335.03
2692555,285.0,2692555,INFERIORES PLANO,18.75,3.0,5343.465
2692558,520.0,2692558,PUNTO BASICO,10.19,3.0,5298.8
2692559,483.0,2692559,PUNTO BASICO,4.7,3.0,2271.549
2692563,294.0,2692563,PUNTO BASICO,7.4,3.0,2176.776
2692564,520.0,2692564,PANTY Y TOP,4.97,3.0,2583.36
2692566,521.0,2692566,PUNTO BASICO,5.53,3.0,2879.567
2692570,512.0,2692570,PANTY Y TOP,4.97,3.0,2543.616
2692575,192.0,2692575,PANTY Y TOP,7.09,3.0,1361.088
2692576,168.0,2692576,PUNTO BASICO,9.23,3.0,1549.968
2692577,210.0,2692577,PUNTO BASICO,3.66,3.0,769.02
2692579,372.0,2692579,PUNTO BASICO,4.8,3.0,1784.856
2692580,243.0,2692580,PUNTO BASICO,4.8,3.0,1165.914
2692582,644.0,2692582,PUNTO BASICO,9.84,3.0,6337.604
2692583,304.0,2692583,PUNTO BASICO,4.8,3.0,1458.592
2692584,378.0,2692584,PUNTO BASICO,5.01,3.0,1892.268
2692586,366.0,2692586,PUNTO BASICO,8.27,3.0,3026.088
2692587,324.0,2692587,PUNTO BASICO,5.11,3.0,1656.288
2692598,110.0,2692598,PUNTO INTERIOR,6.89,3.0,758.34
2692604,306.0,2692604,PUNTO BASICO,13.79,3.0,4219.434
2692609,500.0,2692609,PUNTO BASICO,11.85,3.0,5925.5
2692615,99.0,2692615,PUNTO INTERIOR,11.06,3.0,1095.138
2692616,168.0,2692616,PUNTO INTERIOR TRAFICO,9.04,3.0,1518.552
2692620,611.0,2692620,PUNTO BASICO TRAFICO,5.02,3.0,3064.165
2692622,342.0,2692622,PUNTO INTERIOR TRAFICO,9.04,3.0,3091.338
2692624,455.0,2692624,PUNTO INTERIOR,9.72,3.0,4421.235
2692629,580.0,2692629,PUNTO BASICO,8.23,3.0,4772.24
2692630,600.0,2692630,PUNTO BASICO TRAFICO,5.08,3.0,3050.4
2692634,652.0,2692634,PANTY Y TOP,9.35,3.0,6098.808
2692635,543.0,2692635,PUNTO BASICO,10.62,3.0,5768.832
2692639,640.0,2692639,PUNTO BASICO,11.34,3.0,7258.24
2692645,426.0,2692645,PUNTO BASICO TRAFICO,5.08,3.0,2165.784
2692646,442.0,2692646,PUNTO BASICO,5.95,3.0,2629.9
2692650,345.0,2692650,PUNTO BASICO,11.27,3.0,3888.15
2692654,99.0,2692654,PANTY Y TOP,4.97,3.0,491.832
2692655,117.0,2692655,PUNTO INTERIOR,8.3,3.0,970.866
2692656,99.0,2692656,PANTY Y TOP,4.97,3.0,491.832
2692659,472.0,2692659,PUNTO INTERIOR,11.06,3.0,5221.264
2692662,351.0,2692662,PUNTO INTERIOR,8.1,3.0,2844.153
2692663,357.0,2692663,PUNTO BASICO,6.55,3.0,2336.922
2692665,396.0,2692665,PUNTO BASICO,4.23,3.0,1673.1
2692666,322.0,2692666,PUNTO BASICO,7.32,3.0,2355.43
2692670,210.0,2692670,PUNTO INTERIOR,11.66,3.0,2448.18
2692677,225.0,2692677,PUNTO BASICO,4.15,3.0,933.75
2692690,403.0,2692690,PUNTO BASICO TRAFICO,5.39,3.0,2171.767
2692691,432.0,2692691,PUNTO BASICO,10.61,3.0,4582.656
2692692,1316.0,2692692,PUNTO BASICO,6.27,3.0,8244.74
2692693,196.0,2692693,PUNTO BASICO,6.75,3.0,1323.784
2692694,920.0,2692694,PUNTO BASICO,10.35,3.0,9521.08
2692696,306.0,2692696,PUNTO INTERIOR,9.79,3.0,2994.21
2692697,177.0,2692697,CAMISA PLANO,16.38,3.0,2898.552
2692698,120.0,2692698,PANTY Y TOP,12.08,3.0,1449.0
2692700,97.0,2692700,PUNTO INTERIOR,12.52,3.0,1213.955
2692702,95.0,2692702,PUNTO INTERIOR,9.06,3.0,860.985
2692703,110.0,2692703,PANTY Y TOP,14.28,3.0,1570.69
2692704,100.0,2692704,BRASIER,10.88,3.0,1087.9
2692705,100.0,2692705,PANTY Y TOP,13.43,3.0,1342.7
2692711,471.0,2692711,BLUSA Y VESTID PLANO,25.09,3.0,11817.39
2692713,310.0,2692713,PUNTO BASICO TRAFICO,5.39,3.0,1670.59
2692714,525.0,2692714,PUNTO BASICO,6.38,3.0,3350.025
2692715,342.0,2692715,BOXER,14.68,3.0,5019.876
2692718,472.0,2692718,PUNTO BASICO,21.25,3.0,10028.584
2692721,312.0,2692721,PUNTO BASICO TRAFICO,5.39,3.0,1681.368
2692722,487.0,2692722,PUNTO BASICO,6.96,3.0,3388.546
2692723,512.0,2692723,PUNTO INTERIOR,9.79,3.0,5009.92
2692724,432.0,2692724,BRASIER,10.88,3.0,4701.888
2692727,312.0,2692727,PUNTO BASICO,8.85,3.0,2759.952
2692728,520.0,2692728,PANTY Y TOP,14.28,3.0,7425.08
2692730,374.0,2692730,PUNTO INTERIOR,9.86,3.0,3688.014
2692732,482.0,2692732,PANTY Y TOP,4.97,3.0,2394.576
2692736,319.0,2692736,CAMISA LIVIANO,17.63,3.0,5624.927
2692738,478.0,2692738,PUNTO BASICO,6.73,3.0,3215.984
2692740,466.0,2692740,CAMISA PLANO,16.38,3.0,7631.216
2692743,473.0,2692743,PUNTO BASICO,11.01,3.0,5208.676
2692744,310.0,2692744,PANTY Y TOP,8.3,3.0,2573.31
2692745,540.0,2692745,BRASIER,12.09,3.0,6529.14
2692746,432.0,2692746,BRASIER,9.02,3.0,3898.368
2692747,383.0,2692747,PUNTO BASICO,7.32,3.0,2801.645
2692748,383.0,2692748,PANTY Y TOP,10.57,3.0,4049.076
2692749,483.0,2692749,BLUSA Y VESTID PLANO,12.77,3.0,6169.359
2692751,362.0,2692751,PUNTO INTERIOR,8.3,3.0,3003.876
2692752,429.0,2692752,BRASIER,8.79,3.0,3770.91
2692753,425.0,2692753,PUNTO INTERIOR,11.66,3.0,4954.65
2692754,297.0,2692754,PANTY Y TOP,7.02,3.0,2084.346
2692755,600.0,2692755,BRASIER,10.88,3.0,6527.4
2692756,426.0,2692756,PANTY Y TOP,10.58,3.0,4508.784
2692757,360.0,2692757,PUNTO BASICO,11.24,3.0,4046.04
2692759,423.0,2692759,VESTIDO DE BAÑO,13.8,3.0,5838.669
2692761,570.0,2692761,PANTY Y TOP,12.08,3.0,6882.75
2692762,619.0,2692762,PANTY Y TOP,3.48,3.0,2152.882
2692763,567.0,2692763,PANTY Y TOP,3.46,3.0,1961.82
2692765,360.0,2692765,PUNTO INTERIOR,11.61,3.0,4178.16
2692766,300.0,2692766,BRASIER,10.88,3.0,3263.7
2692767,380.0,2692767,PUNTO INTERIOR,8.37,3.0,3180.22
2692770,390.0,2692770,PUNTO INTERIOR,6.11,3.0,2381.73
2692773,565.0,2692773,VESTIDO DE BAÑO,11.86,3.0,6701.465
2692774,470.0,2692774,PUNTO INTERIOR,13.19,3.0,6201.18
2692775,396.0,2692775,PUNTO INTERIOR,10.94,3.0,4331.844
2692780,496.0,2692780,PUNTO BASICO,10.24,3.0,5078.048
2692781,372.0,2692781,PUNTO BASICO,10.12,3.0,3763.152
2692782,758.0,2692782,PUNTO BASICO,7.38,3.0,5590.25
2692783,636.0,2692783,PUNTO BASICO,8.03,3.0,5107.716
2692784,726.0,2692784,PUNTO BASICO,8.03,3.0,5830.506
2692790,765.0,2692790,PUNTO BASICO,10.41,3.0,7965.18
2692791,464.0,2692791,PANTY Y TOP,5.32,3.0,2469.872
2692795,907.0,2692795,PUNTO BASICO,6.17,3.0,5591.655
2692798,710.0,2692798,PUNTO BASICO,5.11,3.0,3629.52
2692800,348.0,2692800,PUNTO BASICO,11.77,3.0,4096.308
2692801,288.0,2692801,PANTY Y TOP,13.17,3.0,3792.096
2692802,308.0,2692802,PANTY Y TOP,13.43,3.0,4135.516
2692803,470.0,2692803,PUNTO INTERIOR,12.52,3.0,5882.05
2692804,366.0,2692804,INFERIORES PLANO,22.78,3.0,8336.748
2692805,942.0,2692805,PUNTO BASICO,5.38,3.0,5071.728
2692809,418.0,2692809,PANTY Y TOP,10.38,3.0,4338.004
2692810,408.0,2692810,PANTY Y TOP,7.47,3.0,3048.168
2692812,406.0,2692812,PANTY Y TOP,13.21,3.0,5362.854
2692813,396.0,2692813,PUNTO INTERIOR,8.17,3.0,3236.112
2692818,442.0,2692818,PUNTO BASICO TRAFICO,5.39,3.0,2381.938
2692820,627.0,2692820,PUNTO BASICO,5.9,3.0,3701.181
2692822,1310.0,2692822,PUNTO BASICO,6.64,3.0,8699.71
2692826,603.0,2692826,PUNTO BASICO,5.34,3.0,3218.211
2692829,390.0,2692829,PUNTO BASICO,5.9,3.0,2302.17
2692830,888.0,2692830,PUNTO BASICO,5.9,3.0,5241.864
2692831,1056.0,2692831,INFERIOR DENIM,20.55,2.0,21695.52
2692832,1035.0,2692832,PUNTO BASICO,6.14,3.0,6358.005
2692836,983.0,2692836,PUNTO BASICO,7.08,3.0,6954.725
2692840,367.0,2692840,INFERIOR DENIM,20.25,2.0,7433.218
2692842,444.0,2692842,PUNTO INTERIOR,7.06,3.0,3135.528
2692848,1515.0,2692848,PUNTO BASICO,5.04,3.0,7641.66
2692849,675.0,2692849,PANTY Y TOP,6.07,3.0,4093.875
2692850,308.0,2692850,PUNTO BASICO,5.06,3.0,1557.864
2692851,287.0,2692851,PUNTO BASICO,7.31,3.0,2096.822
2692852,288.0,2692852,PUNTO INTERIOR,7.06,3.0,2033.856
2692854,554.0,2692854,PUNTO BASICO TRAFICO,5.39,3.0,2985.506
2692858,630.0,2692858,PUNTO BASICO TRAFICO,4.95,3.0,3115.98
2692859,972.0,2692859,PANTY Y TOP,9.4,3.0,9140.688
2692860,546.0,2692860,PUNTO INTERIOR TRAFICO,4.75,3.0,2594.046
2692863,1341.0,2692863,PUNTO BASICO TRAFICO,4.95,3.0,6632.586
2692865,682.0,2692865,PANTY Y TOP,12.74,3.0,8690.044
2692866,328.0,2692866,PUNTO BASICO,7.76,3.0,2544.624
2692867,628.0,2692867,PUNTO BASICO TRAFICO,4.95,3.0,3106.088
2692870,836.0,2692870,PUNTO BASICO TRAFICO,4.95,3.0,4134.856
2692873,312.0,2692873,PUNTO BASICO,8.92,3.0,2783.04
2692874,672.0,2692874,PANTY Y TOP,15.74,3.0,10578.624
2692877,780.0,2692877,PUNTO BASICO,4.47,3.0,3487.38
2692878,660.0,2692878,PUNTO BASICO,7.88,3.0,5199.48
2692879,263.0,2692879,PUNTO INTERIOR,6.37,3.0,1674.784
2692880,1755.0,2692880,PUNTO BASICO,3.96,3.0,6955.065
2692881,1156.0,2692881,PUNTO BASICO,3.98,3.0,4602.036
2692883,1428.0,2692883,PUNTO INTERIOR,10.16,3.0,14514.192
2692885,632.0,2692885,PUNTO BASICO,11.24,3.0,7103.68
2692888,1125.0,2692888,PUNTO BASICO,8.88,3.0,9986.625
2692889,884.0,2692889,PUNTO BASICO,8.88,3.0,7847.268
2692893,324.0,2692893,PUNTO BASICO,7.61,3.0,2465.64
2692894,654.0,2692894,PUNTO BASICO TRAFICO,4.95,3.0,3234.684
2692896,541.0,2692896,PUNTO BASICO,7.08,3.0,3827.575
2692898,510.0,2692898,PUNTO BASICO,9.23,3.0,4705.26
2692900,380.0,2692900,PUNTO BASICO,5.29,3.0,2011.72
2692901,636.0,2692901,PUNTO BASICO,5.72,3.0,3639.192
2692907,434.0,2692907,PUNTO BASICO,6.15,3.0,2670.836
2692908,264.0,2692908,PUNTO BASICO,7.0,3.0,1848.0
2692912,595.0,2692912,PUNTO BASICO,5.9,3.0,3512.285
2692914,690.0,2692914,PUNTO BASICO,6.31,3.0,4350.45
2692915,293.0,2692915,PUNTO BASICO,7.82,3.0,2290.674
2692916,570.0,2692916,PUNTO INTERIOR,10.25,3.0,5839.65
2692917,668.0,2692917,PUNTO BASICO,10.95,3.0,7311.928
2692919,311.0,2692919,PUNTO BASICO,11.24,3.0,3495.64
2692922,784.0,2692922,PUNTO BASICO TRAFICO,5.06,3.0,3965.472
2692924,1236.0,2692924,PUNTO BASICO TRAFICO,5.06,3.0,6251.688
2692927,404.0,2692927,PUNTO BASICO TRAFICO,5.06,3.0,2043.432
2692933,819.0,2692933,PUNTO BASICO,7.18,3.0,5877.144
2692934,294.0,2692934,INFERIOR DENIM,22.13,2.0,6506.808
2692935,408.0,2692935,PUNTO BASICO,7.74,3.0,3159.552
2692939,333.0,2692939,PUNTO BASICO TRAFICO,5.39,3.0,1794.537
2692942,1844.0,2692942,PUNTO BASICO,8.88,3.0,16369.188
2692943,1842.0,2692943,PUNTO BASICO,8.88,3.0,16351.434
2692944,1440.0,2692944,PUNTO BASICO,3.86,3.0,5556.96
2692946,798.0,2692946,PUNTO BASICO,8.88,3.0,7083.846
2692947,487.0,2692947,PUNTO BASICO TRAFICO,11.9,3.0,5796.761
2692948,557.0,2692948,PUNTO BASICO,16.91,3.0,9416.085
2692952,294.0,2692952,PUNTO BASICO,9.57,3.0,2814.462
2692953,1039.0,2692953,PUNTO BASICO,7.85,3.0,8157.189
2692954,570.0,2692954,PUNTO BASICO,8.68,3.0,4947.03
2692956,315.0,2692956,PUNTO INTERIOR,4.7,3.0,1481.445
2692959,380.0,2692959,PUNTO BASICO TRAFICO,11.9,3.0,4523.14
2692962,328.0,2692962,PUNTO BASICO TRAFICO,11.9,3.0,3904.184
2692965,138.0,2692965,CAMISA PLANO,16.38,3.0,2259.75
2692967,136.0,2692967,PUNTO INTERIOR,12.47,3.0,1695.92
2692968,130.0,2692968,PUNTO INTERIOR,13.28,3.0,1726.79
2692971,144.0,2692971,PUNTO BASICO,6.29,3.0,906.336
2692976,1313.0,2692976,PANTY Y TOP,7.98,3.0,10475.114
2692977,280.0,2692977,PUNTO BASICO,11.76,3.0,3293.08
2692978,301.0,2692978,PANTY Y TOP,7.54,3.0,2268.035
2692979,306.0,2692979,PUNTO BASICO,6.27,3.0,1917.09
2692983,1846.0,2692983,PUNTO BASICO,8.97,3.0,16556.774
2692984,1186.0,2692984,PUNTO BASICO TRAFICO,4.62,3.0,5480.506
2692985,409.0,2692985,PUNTO BASICO,10.7,3.0,4374.255
2692986,991.0,2692986,PUNTO BASICO TRAFICO,4.62,3.0,4579.411
2692993,291.0,2692993,PUNTO BASICO TRAFICO,4.95,3.0,1439.286
2692998,345.0,2692998,PANTY Y TOP,5.46,3.0,1882.32
2692999,648.0,2692999,PUNTO BASICO,15.24,3.0,9875.52
2693005,1341.0,2693005,PUNTO INTERIOR,11.14,3.0,14936.058
2693006,603.0,2693006,PUNTO BASICO,6.73,3.0,4056.984
2693007,800.0,2693007,PUNTO BASICO,14.86,3.0,11886.4
2693008,803.0,2693008,PUNTO BASICO,10.19,3.0,8178.555
2693010,420.0,2693010,PANTY Y TOP,3.31,3.0,1391.46
2693011,974.0,2693011,PUNTO BASICO TRAFICO,4.62,3.0,4500.854
2693012,444.0,2693012,PANTY Y TOP,3.31,3.0,1470.972
2693013,687.0,2693013,PUNTO BASICO,5.9,3.0,4055.361
2693014,704.0,2693014,PUNTO BASICO,5.76,3.0,4051.52
2693015,438.0,2693015,PUNTO BASICO,3.96,3.0,1735.794
2693016,1016.0,2693016,PUNTO BASICO,6.32,3.0,6421.12
2693018,486.0,2693018,PUNTO BASICO,5.28,3.0,2566.08
2693020,406.0,2693020,PUNTO MODA ESPECIAL,15.63,3.0,6344.562
2693021,878.0,2693021,PUNTO INTERIOR,5.49,3.0,4821.976
2693022,708.0,2693022,PUNTO BASICO TRAFICO,4.62,3.0,3271.668
2693024,696.0,2693024,PUNTO INTERIOR,5.79,3.0,4030.536
2693031,643.0,2693031,PUNTO BASICO,6.38,3.0,4102.34
2693035,301.0,2693035,PUNTO BASICO,7.08,3.0,2129.575
2693038,334.0,2693038,PUNTO BASICO TRAFICO,5.39,3.0,1799.926
2693039,602.0,2693039,PUNTO BASICO TRAFICO,4.62,3.0,2781.842
2693040,589.0,2693040,PUNTO BASICO TRAFICO,4.62,3.0,2721.769
2693043,533.0,2693043,PUNTO BASICO,5.08,3.0,2709.772
2693044,470.0,2693044,PUNTO BASICO,9.13,3.0,4292.04
2693046,273.0,2693046,PUNTO INTERIOR,7.95,3.0,2170.077
2693047,299.0,2693047,PUNTO INTERIOR,6.98,3.0,2087.917
2693049,423.0,2693049,PUNTO BASICO,9.9,3.0,4186.854
2693050,351.0,2693050,PUNTO BASICO,6.75,3.0,2370.654
2693053,341.0,2693053,PUNTO INTERIOR,9.72,3.0,3313.497
2693054,350.0,2693054,INFERIOR DENIM,22.63,2.0,7920.85
2693057,330.0,2693057,PUNTO BASICO,11.24,3.0,3709.2
2693066,304.0,2693066,PUNTO BASICO,11.72,3.0,3561.968
2693068,285.0,2693068,INFERIORES PLANO,17.97,3.0,5121.735
2693069,482.0,2693069,PUNTO BASICO,14.37,3.0,6925.858
2693070,375.0,2693070,PUNTO INTERIOR,6.96,3.0,2611.125
2693071,2575.0,2693071,PUNTO BASICO,5.44,3.0,13997.7
2693074,522.0,2693074,BRASIER,12.6,3.0,6574.59
2693077,330.0,2693077,PUNTO BASICO,5.29,3.0,1747.02
2693079,1028.0,2693079,PUNTO BASICO,4.24,3.0,4356.664
2693080,513.0,2693080,PUNTO BASICO,8.28,3.0,4249.692
2693082,63.0,2693082,PUNTO BASICO,7.45,3.0,469.161
2693085,450.0,2693085,CAMISA LIVIANO,22.09,3.0,9942.3
2693087,885.0,2693087,PUNTO INTERIOR,7.09,3.0,6273.765
2693088,291.0,2693088,PUNTO BASICO,10.72,3.0,3118.356
2693092,459.0,2693092,PUNTO BASICO,7.5,3.0,3444.336
2693093,740.0,2693093,PUNTO INTERIOR,10.16,3.0,7521.36
2693098,411.0,2693098,PUNTO BASICO,10.27,3.0,4222.614
2693099,476.0,2693099,PANTY Y TOP,15.74,3.0,7493.192
2693100,314.0,2693100,PUNTO INTERIOR,11.61,3.0,3646.482
2693102,384.0,2693102,PUNTO BASICO,6.2,3.0,2380.416
2693107,378.0,2693107,PUNTO BASICO,7.79,3.0,2944.62
2693112,304.0,2693112,PUNTO INTERIOR,5.49,3.0,1669.568
2693113,322.0,2693113,PUNTO INTERIOR,6.96,3.0,2240.154
2693115,540.0,2693115,PANTY Y TOP,5.92,3.0,3198.96
2693118,887.0,2693118,BRASIER,7.88,3.0,6989.56
2693119,288.0,2693119,CHAQUETA PLANO,12.52,3.0,3606.912
2693122,304.0,2693122,PANTY Y TOP,9.98,3.0,3033.312
2693123,702.0,2693123,PANTY Y TOP,8.1,3.0,5688.306
2693125,442.0,2693125,PANTY Y TOP,6.3,3.0,2785.042
2693126,424.0,2693126,PUNTO INFERIORES,9.72,3.0,4122.552
2693127,1246.0,2693127,OVEROL,17.78,2.0,22152.634
2693128,1441.0,2693128,OVEROL,16.69,2.0,24044.526
2693129,294.0,2693129,INFERIOR DENIM,20.25,2.0,5954.676
2693132,1266.0,2693132,CHAQUETA DENIM,15.16,2.0,19190.028
2693133,1274.0,2693133,CHAQUETA DENIM,15.16,2.0,19311.292
2693134,1070.0,2693134,INFERIOR DENIM,23.48,2.0,25127.88
2693135,889.0,2693135,OVEROL,24.62,2.0,21886.291
2693136,1109.0,2693136,INFERIOR DENIM,22.89,2.0,25381.683
2693139,810.0,2693139,INFERIOR DENIM,25.55,2.0,20698.74
2693141,210.0,2693141,DENIM TRAFICO,23.17,2.0,4864.65
2693145,205.0,2693145,PUNTO BASICO,5.25,3.0,1075.225
2693173,493.0,2693173,PUNTO BASICO,5.03,3.0,2478.804
2693188,100.0,2693188,PUNTO INTERIOR,11.9,3.0,1189.6
2693189,1148.0,2693189,PUNTO BASICO,5.43,3.0,6231.344
2693191,1627.0,2693191,PUNTO BASICO,4.57,3.0,7440.271
2693192,481.0,2693192,PUNTO BASICO,17.76,3.0,8543.041
2693193,420.0,2693193,PUNTO BASICO,18.53,3.0,7780.5
2693195,1483.0,2693195,CAMISA PLANO,14.03,3.0,20800.558
2693218,324.0,2693218,PANTY Y TOP,17.19,3.0,5568.588
